,contractSymbol,lastTradeDate,strike,lastPrice,bid,ask,change,percentChange,volume,openInterest,impliedVolatility,inTheMoney,contractSize,currency,recent_px,intrinsic_value,option_px,extrinsic_value,yield,protection,S,K,T,r,v,d,T_sqrt,d1,delta_calc
0,TQQQ201224C00070000,2020-12-14 15:35:57,70.0,97.21,102.7,105.65,0.0,0.0,1.0,6.0,4.797855565185547,True,REGULAR,USD,174.36000061035156,104.36000061035156,104.17500000000001,0.0,0.0,0.5974707480805965,174.36000061035156,70.0,0.011904761904761904,0.005,4.797855565185547,0,0.10910894511799618,2.005212791736181,0.9775298484292143
1,TQQQ201224C00080000,2020-11-23 14:39:01,80.0,66.72,92.5,96.2,0.0,0.0,8.0,9.0,2.328129179687499,True,REGULAR,USD,174.36000061035156,94.36000061035156,94.35,0.0,0.0,0.5411218150362781,174.36000061035156,80.0,0.011904761904761904,0.005,2.328129179687499,0,0.10910894511799618,3.19431118313327,0.9992991752939439
2,TQQQ201224C00090000,2020-11-16 05:04:57,90.0,56.0,69.6,71.9,0.0,0.0,,10.0,1.0000000000000003e-05,True,REGULAR,USD,174.36000061035156,84.36000061035156,70.75,0.0,0.0,0.4057696705226993,174.36000061035156,90.0,0.011904761904761904,0.005,1.0000000000000003e-05,0,0.10910894511799618,606157.4361619281,1.0
3,TQQQ201224C00095000,2020-12-14 18:36:32,95.0,71.55,77.7,81.2,0.0,0.0,,,2.2460981347656244,True,REGULAR,USD,174.36000061035156,79.36000061035156,79.45,0.08999938964844034,0.0005161699319419317,0.45566643566117965,174.36000061035156,95.0,0.011904761904761904,0.005,2.2460981347656244,0,0.10910894511799618,2.6006277116860743,0.9953473312104405
4,TQQQ201224C00100000,2020-12-16 20:20:29,100.0,73.55,73.0,76.25,0.0,0.0,,1.0,2.355472861328124,True,REGULAR,USD,174.36000061035156,74.36000061035156,74.625,0.2649993896484375,0.001519840495072267,0.42799380442058566,174.36000061035156,100.0,0.011904761904761904,0.005,2.355472861328124,0,0.10910894511799618,2.291943735398262,0.9890455549512122
5,TQQQ201224C00105000,2020-12-15 16:39:30,105.0,61.5,67.7,71.25,0.0,0.0,8.0,11.0,1.95703146484375,True,REGULAR,USD,174.36000061035156,69.36000061035156,69.475,0.11499938964843182,0.0006595514409605045,0.39845721356274955,174.36000061035156,105.0,0.011904761904761904,0.005,1.95703146484375,0,0.10910894511799618,2.482178872543244,0.9934709146177731
6,TQQQ201224C00109000,2020-12-14 15:13:59,109.0,58.4,63.35,67.25,0.0,0.0,,,2.9638697778320306,True,REGULAR,USD,174.36000061035156,65.36000061035156,65.3,0.0,0.0,0.37451250155663973,174.36000061035156,109.0,0.011904761904761904,0.005,2.9638697778320306,0,0.10910894511799618,1.6145556613759584,0.9467965230928318
7,TQQQ201224C00110000,2020-12-09 17:24:24,110.0,58.97,62.6,66.25,0.0,0.0,21.0,19.0,1.6953140234375002,True,REGULAR,USD,174.36000061035156,64.36000061035156,64.425,0.06499938964843466,0.0003727884229232775,0.369494148740988,174.36000061035156,110.0,0.011904761904761904,0.005,1.6953140234375002,0,0.10910894511799618,2.5831152470482985,0.9951043695102405
8,TQQQ201224C00115000,2020-12-16 14:30:03,115.0,55.62,57.55,61.3,0.0,0.0,1.0,4.0,1.5468772656249998,True,REGULAR,USD,174.36000061035156,59.36000061035156,59.425,0.06499938964843466,0.0003727884229232775,0.34081784693726364,174.36000061035156,115.0,0.011904761904761904,0.005,1.5468772656249998,0,0.10910894511799618,2.550641574072396,0.9946237578422273
9,TQQQ201224C00119000,2020-12-15 15:03:26,119.0,49.98,53.55,57.35,0.0,0.0,,,1.48047134765625,True,REGULAR,USD,174.36000061035156,55.36000061035156,55.45,0.08999938964844034,0.0005161699319419317,0.31802018700330287,174.36000061035156,119.0,0.011904761904761904,0.005,1.48047134765625,0,0.10910894511799618,2.445973128002964,0.9927769116424622
10,TQQQ201224C00120000,2020-12-11 14:44:04,120.0,39.93,52.6,56.35,0.0,0.0,16.0,18.0,1.4902369238281248,True,REGULAR,USD,174.36000061035156,54.36000061035156,54.475,0.11499938964843892,0.0006595514409605453,0.3124283081515766,174.36000061035156,120.0,0.011904761904761904,0.005,1.4902369238281248,0,0.10910894511799618,2.379540772060202,0.9913328873606198
11,TQQQ201224C00121000,2020-12-15 15:09:06,121.0,48.1,51.7,55.35,0.0,0.0,,,1.5253929980468748,True,REGULAR,USD,174.36000061035156,53.36000061035156,53.525000000000006,0.16499938964844318,0.000946314458997813,0.306979810808869,174.36000061035156,121.0,0.011904761904761904,0.005,1.5253929980468748,0,0.10910894511799618,2.278628183551927,0.9886554114413277
12,TQQQ201224C00125000,2020-12-17 15:02:26,125.0,50.85,47.55,51.3,0.0,0.0,6.0,49.0,1.2695349023437497,True,REGULAR,USD,174.36000061035156,49.36000061035156,49.425,0.06499938964843466,0.0003727884229232775,0.283465243329815,174.36000061035156,125.0,0.011904761904761904,0.005,1.2695349023437497,0,0.10910894511799618,2.4723316567277527,0.9932882540821358
13,TQQQ201224C00126000,2020-12-15 20:27:29,126.0,44.07,46.5,50.35,0.0,0.0,,,1.2421912890624998,True,REGULAR,USD,174.36000061035156,48.36000061035156,48.425,0.06499938964843466,0.0003727884229232775,0.27772998296907014,174.36000061035156,126.0,0.011904761904761904,0.005,1.2421912890624998,0,0.10910894511799618,2.4649464950022604,0.9931483143711766
14,TQQQ201224C00130000,2020-12-18 20:26:29,130.0,42.75,42.5,46.55,-2.5,-5.524862,28.0,32.0,1.26172244140625,True,REGULAR,USD,174.36000061035156,44.36000061035156,44.525,0.16499938964843608,0.0009463144589977723,0.2553624675621652,174.36000061035156,130.0,0.011904761904761904,0.005,1.26172244140625,0,0.10910894511799618,2.2018857950071387,0.9861633116776418
15,TQQQ201224C00133000,2020-12-18 16:15:32,133.0,41.24,39.5,43.6,3.420002,9.04284,6.0,45.0,1.19922275390625,True,REGULAR,USD,174.36000061035156,41.36000061035156,41.55,0.18999938964843466,0.0010896959680163857,0.23830006798894918,174.36000061035156,133.0,0.011904761904761904,0.005,1.19922275390625,0,0.10910894511799618,2.1352812111041333,0.9836309766387435
16,TQQQ201224C00134000,2020-12-17 19:41:22,134.0,41.51,38.45,42.5,0.0,0.0,1.0,21.0,1.0957076464843751,True,REGULAR,USD,174.36000061035156,40.36000061035156,40.475,0.11499938964843892,0.0006595514409605453,0.23213466310114847,174.36000061035156,134.0,0.011904761904761904,0.005,1.0957076464843751,0,0.10910894511799618,2.2625238796063214,0.9881674724137746
17,TQQQ201224C00134500,2020-11-16 05:04:55,134.5,17.0,27.7,29.2,0.0,0.0,,2.0,1.0000000000000003e-05,True,REGULAR,USD,174.36000061035156,39.86000061035156,28.45,0.0,0.0,0.16316815726319145,174.36000061035156,134.5,0.011904761904761904,0.005,1.0000000000000003e-05,0,0.10910894511799618,237943.32843945854,1.0
18,TQQQ201224C00135000,2020-12-16 20:22:07,135.0,38.34,37.55,41.45,-0.49000168,-1.2619152,1.0,54.0,1.0957076464843751,True,REGULAR,USD,174.36000061035156,39.36000061035156,39.5,0.1399993896484375,0.0008029329499791587,0.22654278424942223,174.36000061035156,135.0,0.011904761904761904,0.005,1.0957076464843751,0,0.10910894511799618,2.2003332910515367,0.9861083715170107
19,TQQQ201224C00135500,2020-12-01 18:28:23,135.5,33.1,37.05,41.15,0.0,0.0,40.0,40.0,1.1689494677734376,True,REGULAR,USD,174.36000061035156,38.86000061035156,39.099999999999994,0.23999938964843182,0.0013764589860536128,0.22424868010512425,174.36000061035156,135.5,0.011904761904761904,0.005,1.1689494677734376,0,0.10910894511799618,2.0412247054802948,0.9793857514332578
20,TQQQ201224C00136000,2020-12-09 18:59:55,136.0,27.62,36.5,40.4,0.0,0.0,41.0,5.0,1.013676806640625,True,REGULAR,USD,174.36000061035156,38.36000061035156,38.45,0.08999938964844034,0.0005161699319419317,0.22052076087064013,174.36000061035156,136.0,0.011904761904761904,0.005,1.013676806640625,0,0.10910894511799618,2.3023535566002935,0.9893423790823933
21,TQQQ201224C00137000,2020-12-17 16:21:48,137.0,38.2,35.45,39.5,0.0,0.0,15.0,9.0,1.015629921875,True,REGULAR,USD,174.36000061035156,37.36000061035156,37.475,0.11499938964843892,0.0006595514409605453,0.21492888201891386,174.36000061035156,137.0,0.011904761904761904,0.005,1.015629921875,0,0.10910894511799618,2.232027937207658,0.9871934417215937
22,TQQQ201224C00137500,2020-12-17 15:02:26,137.5,38.55,35.0,39.0,0.0,0.0,1.0,16.0,1.0273486132812502,True,REGULAR,USD,174.36000061035156,36.86000061035156,37.0,0.1399993896484375,0.0008029329499791587,0.21220463334756004,174.36000061035156,137.5,0.011904761904761904,0.005,1.0273486132812502,0,0.10910894511799618,2.1753393683072386,0.9851976527834503
23,TQQQ201224C00138000,2020-12-16 20:39:25,138.0,36.15,34.6,38.7,0.0,0.0,12.0,19.0,1.1308637207031251,True,REGULAR,USD,174.36000061035156,36.36000061035156,36.650000000000006,0.2899993896484432,0.0016632220040909212,0.21019729222129938,174.36000061035156,138.0,0.011904761904761904,0.005,1.1308637207031251,0,0.10910894511799618,1.957576631033599,0.9748601441438818
24,TQQQ201224C00138500,2020-11-16 05:04:55,138.5,15.06,24.0,25.45,0.0,0.0,,1.0,1.0000000000000003e-05,True,REGULAR,USD,174.36000061035156,35.86000061035156,24.725,0.0,0.0,0.14180431241941682,174.36000061035156,138.5,0.011904761904761904,0.005,1.0000000000000003e-05,0,0.10910894511799618,211083.81975865673,1.0
25,TQQQ201224C00139000,2020-11-30 17:10:51,139.0,20.7,33.6,37.7,0.0,0.0,1.0,1.0,1.1015669921875002,True,REGULAR,USD,174.36000061035156,35.36000061035156,35.650000000000006,0.2899993896484432,0.0016632220040909212,0.2044620318605545,174.36000061035156,139.0,0.011904761904761904,0.005,1.1015669921875002,0,0.10910894511799618,1.9463271143500518,0.974192270718291
26,TQQQ201224C00139500,2020-12-17 22:39:18,139.5,21.9,33.0,37.1,0.0,0.0,,,1.017583037109375,True,REGULAR,USD,174.36000061035156,34.86000061035156,35.05,0.18999938964843466,0.0010896959680163857,0.20102087564410753,174.36000061035156,139.5,0.011904761904761904,0.005,1.017583037109375,0,0.10910894511799618,2.0650809821366827,0.9805423307305687
27,TQQQ201224C00140000,2020-12-18 20:02:38,140.0,33.05,32.8,36.55,-2.1500015,-6.107959,5.0,38.0,1.087895185546875,True,REGULAR,USD,174.36000061035156,34.36000061035156,34.675,0.31499938964843466,0.001806603513109494,0.1988701530088282,174.36000061035156,140.0,0.011904761904761904,0.005,1.087895185546875,0,0.10910894511799618,1.908893809926971,0.9718621041373366
28,TQQQ201224C00141000,2020-12-16 20:46:37,141.0,33.13,32.0,35.55,0.0,0.0,5.0,412.0,1.1142622412109375,True,REGULAR,USD,174.36000061035156,33.36000061035156,33.775,0.4149993896484361,0.002380129549183989,0.19370841868415786,174.36000061035156,141.0,0.011904761904761904,0.005,1.1142622412109375,0,0.10910894511799618,1.80802266696118,0.964698513592045
29,TQQQ201224C00141500,2020-12-16 17:46:33,141.5,31.16,31.0,35.1,0.0,0.0,4.0,3.0,0.9609378906249999,True,REGULAR,USD,174.36000061035156,32.86000061035156,33.05,0.18999938964843466,0.0010896959680163857,0.18955035492261782,174.36000061035156,141.5,0.011904761904761904,0.005,0.9609378906249999,0,0.10910894511799618,2.044679774549486,0.9795567805550618
30,TQQQ201224C00142000,2020-12-17 19:21:34,142.0,34.16,30.55,34.6,0.0,0.0,2.0,7.0,0.965820654296875,True,REGULAR,USD,174.36000061035156,32.36000061035156,32.575,0.21499938964844034,0.0012330774770350401,0.18682610625126403,174.36000061035156,142.0,0.011904761904761904,0.005,0.965820654296875,0,0.10910894511799618,2.001401496740016,0.9773254302409908
31,TQQQ201224C00142500,2020-12-10 19:59:10,142.5,19.45,30.05,34.1,0.0,0.0,1.0,2.0,0.9521489160156249,True,REGULAR,USD,174.36000061035156,31.860000610351562,32.075,0.21499938964844034,0.0012330774770350401,0.1839584760708916,174.36000061035156,142.5,0.011904761904761904,0.005,0.9521489160156249,0,0.10910894511799618,1.9948028805406413,0.9769678084576338
32,TQQQ201224C00143000,2020-12-18 14:46:11,143.0,34.19,30.05,33.0,2.1499977,6.710355,13.0,19.0,0.901368173828125,True,REGULAR,USD,174.36000061035156,31.360000610351562,31.525,0.16499938964843608,0.0009463144589977723,0.1808040828724819,174.36000061035156,143.0,0.011904761904761904,0.005,0.901368173828125,0,0.10910894511799618,2.0658732868552963,0.980579777098441
33,TQQQ201224C00143500,2020-12-16 20:42:14,143.5,30.95,29.1,33.15,0.0,0.0,2.0,2.0,0.9570316796874999,True,REGULAR,USD,174.36000061035156,30.860000610351562,31.125,0.2649993896484375,0.001519840495072267,0.17850997872818397,174.36000061035156,143.5,0.011904761904761904,0.005,0.9570316796874999,0,0.10910894511799618,1.9181870061510868,0.9724563483816538
34,TQQQ201224C00144000,2020-12-17 20:14:00,144.0,31.7,28.6,32.65,0.0,0.0,1.0,33.0,0.9423833886718749,True,REGULAR,USD,174.36000061035156,30.360000610351562,30.625,0.2649993896484375,0.001519840495072267,0.17564234854781152,174.36000061035156,144.0,0.011904761904761904,0.005,0.9423833886718749,0,0.10910894511799618,1.9125645203098391,0.9720980873031005
35,TQQQ201224C00144500,2020-12-15 15:07:35,144.5,25.65,28.0,32.3,0.0,0.0,1.0,8.0,0.9433599414062499,True,REGULAR,USD,174.36000061035156,29.860000610351562,30.15,0.2899993896484361,0.0016632220040908806,0.1729180998764577,174.36000061035156,144.5,0.011904761904761904,0.005,0.9433599414062499,0,0.10910894511799618,1.8770154409867537,0.9697420112035363
36,TQQQ201224C00145000,2020-12-18 17:43:42,145.0,30.62,27.6,31.7,-0.539999,-1.7329879,2.0,58.0,0.928711650390625,True,REGULAR,USD,174.36000061035156,29.360000610351562,29.65,0.2899993896484361,0.0016632220040908806,0.17005046969608528,174.36000061035156,145.0,0.011904761904761904,0.005,0.928711650390625,0,0.10910894511799618,1.8709214663305305,0.9693220164282355
37,TQQQ201224C00145500,2020-12-17 14:38:02,145.5,30.68,27.0,31.35,0.0,0.0,17.0,21.0,0.92773509765625,True,REGULAR,USD,174.36000061035156,28.860000610351562,29.175,0.3149993896484382,0.0018066035131095145,0.16732622102473146,174.36000061035156,145.5,0.011904761904761904,0.005,0.92773509765625,0,0.10910894511799618,1.838777102016407,0.967026011248255
38,TQQQ201224C00146000,2020-12-18 17:40:56,146.0,29.62,26.65,30.6,7.42,33.423424,4.0,25.0,0.885743330078125,True,REGULAR,USD,174.36000061035156,28.360000610351562,28.625,0.2649993896484375,0.001519840495072267,0.1641718278263218,174.36000061035156,146.0,0.011904761904761904,0.005,0.885743330078125,0,0.10910894511799618,1.885763332846642,0.9703365729490192
39,TQQQ201224C00146500,2020-12-14 16:59:37,146.5,22.95,26.15,30.15,0.0,0.0,3.0,6.0,0.885743330078125,True,REGULAR,USD,174.36000061035156,27.860000610351562,28.15,0.2899993896484361,0.0016632220040908806,0.16144757915496796,174.36000061035156,146.5,0.011904761904761904,0.005,0.885743330078125,0,0.10910894511799618,1.8503875299910815,0.967871142495222
40,TQQQ201224C00147000,2020-12-17 15:18:09,147.0,28.58,25.7,29.75,0.0,0.0,3.0,52.0,0.9101571484375,True,REGULAR,USD,174.36000061035156,27.360000610351562,27.725,0.3649993896484389,0.0020933665311467617,0.15901009350165143,174.36000061035156,147.0,0.011904761904761904,0.005,0.9101571484375,0,0.10910894511799618,1.7690716630357253,0.9615590419421197
41,TQQQ201224C00147500,2020-12-17 20:52:41,147.5,28.9,25.2,29.2,0.0,0.0,1.0,13.0,0.8828136718749999,True,REGULAR,USD,174.36000061035156,26.860000610351562,27.2,0.3399993896484368,0.0019499850221281279,0.15599908181226035,174.36000061035156,147.5,0.011904761904761904,0.005,0.8828136718749999,0,0.10910894511799618,1.7855835184380662,0.9629166412717574
42,TQQQ201224C00148000,2020-12-18 18:32:02,148.0,26.7,24.55,28.95,5.450001,25.647062,1.0,89.0,0.89257919921875,True,REGULAR,USD,174.36000061035156,26.360000610351562,26.75,0.3899993896484375,0.002236748040165375,0.15341821464992517,174.36000061035156,148.0,0.011904761904761904,0.005,0.89257919921875,0,0.10910894511799618,1.7323590103635917,0.9583951693432782
43,TQQQ201224C00149000,2020-12-18 19:04:23,149.0,25.13,23.8,27.85,-1.9500008,-7.200889,1.0,42.0,0.8945323046874999,True,REGULAR,USD,174.36000061035156,25.360000610351562,25.825000000000003,0.46499938964844034,0.0026668925672212566,0.1481130988162362,174.36000061035156,149.0,0.011904761904761904,0.005,0.8945323046874999,0,0.10910894511799618,1.659794290172696,0.9515220785956755
44,TQQQ201224C00150000,2020-12-18 20:47:30,150.0,22.3,23.0,25.9,-3.630001,-13.999232,47.0,202.0,0.65820654296875,True,REGULAR,USD,174.36000061035156,24.360000610351562,24.45,0.08999938964843679,0.0005161699319419114,0.14022711582021197,174.36000061035156,150.0,0.011904761904761904,0.005,0.65820654296875,0,0.10910894511799618,2.132180474973543,0.9835039935321618
45,TQQQ201224C00151000,2020-12-17 20:01:09,151.0,25.42,21.8,25.8,0.0,0.0,1.0,25.0,0.8242205078124999,True,REGULAR,USD,174.36000061035156,23.360000610351562,23.8,0.4399993896484382,0.002523511058202623,0.13649919658572782,174.36000061035156,151.0,0.011904761904761904,0.005,0.8242205078124999,0,0.10910894511799618,1.6451215885849884,0.9500276303047563
46,TQQQ201224C00152000,2020-12-18 19:26:58,152.0,21.95,21.0,24.8,1.3000011,6.2954054,4.0,41.0,0.8315446533203124,True,REGULAR,USD,174.36000061035156,22.360000610351562,22.9,0.5399993896484361,0.003097037094277097,0.13133746226105744,174.36000061035156,152.0,0.011904761904761904,0.005,0.8315446533203124,0,0.10910894511799618,1.5586754880693179,0.9404633969086735
47,TQQQ201224C00153000,2020-12-18 20:21:45,153.0,20.37,20.55,23.55,3.7700005,22.710844,17.0,77.0,0.84961087890625,True,REGULAR,USD,174.36000061035156,21.360000610351562,22.05,0.6899993896484382,0.003957326148388839,0.1264624909544243,174.36000061035156,153.0,0.011904761904761904,0.005,0.84961087890625,0,0.10910894511799618,1.4567441003571961,0.9274064842615256
48,TQQQ201224C00154000,2020-12-18 19:04:37,154.0,20.4,18.95,22.95,-1.8900013,-8.479144,1.0,61.0,0.7861349511718749,True,REGULAR,USD,174.36000061035156,20.360000610351562,20.95,0.5899993896484368,0.0033838001123143446,0.12015370455760495,174.36000061035156,154.0,0.011904761904761904,0.005,0.7861349511718749,0,0.10910894511799618,1.491211119142475,0.9320469623476619
49,TQQQ201224C00155000,2020-12-18 20:41:34,155.0,17.62,18.25,22.25,-3.6299992,-17.082348,10.0,86.0,0.8413101806640625,True,REGULAR,USD,174.36000061035156,19.360000610351562,20.25,0.8899993896484375,0.005104378220537808,0.11613902230508354,174.36000061035156,155.0,0.011904761904761904,0.005,0.8413101806640625,0,0.10910894511799618,1.3287255175905908,0.9080307284909096
50,TQQQ201224C00156000,2020-12-18 20:47:40,156.0,16.9,17.4,20.4,-3.42,-16.83071,2.0,117.0,0.708010732421875,True,REGULAR,USD,174.36000061035156,18.360000610351562,18.9,0.5399993896484361,0.003097037094277097,0.10839642081807796,174.36000061035156,156.0,0.011904761904761904,0.005,0.708010732421875,0,0.10910894511799618,1.4797281828031035,0.9305270993603284
51,TQQQ201224C00157000,2020-12-18 20:26:04,157.0,16.45,17.9,19.45,-2.9299984,-15.118672,3.0,31.0,0.8735364208984374,True,REGULAR,USD,174.36000061035156,17.360000610351562,18.674999999999997,1.3149993896484347,0.007541863873854361,0.10710598723691037,174.36000061035156,157.0,0.011904761904761904,0.005,0.8735364208984374,0,0.10910894511799618,1.1486431222420022,0.8746484159797926
52,TQQQ201224C00158000,2020-12-18 19:32:41,158.0,17.0,15.85,18.5,-0.9899998,-5.503056,12.0,24.0,0.7216824707031251,True,REGULAR,USD,174.36000061035156,16.360000610351562,17.175,0.8149993896484382,0.004674233693481948,0.09850309669579309,174.36000061035156,158.0,0.011904761904761904,0.005,0.7216824707031251,0,0.10910894511799618,1.2913915961421913,0.9017160383782588
53,TQQQ201224C00159000,2020-12-18 19:58:18,159.0,15.57,14.95,17.6,0.03999996,0.25756577,25.0,35.0,0.7124052197265626,True,REGULAR,USD,174.36000061035156,15.360000610351562,16.275,0.9149993896484361,0.005247759729556422,0.09334136237112269,174.36000061035156,159.0,0.011904761904761904,0.005,0.7124052197265626,0,0.10910894511799618,1.226021860461044,0.8899047756363965
54,TQQQ201224C00160000,2020-12-18 20:51:58,160.0,15.55,15.1,16.9,-1.3000002,-7.715134,435.0,269.0,0.8281267187499999,True,REGULAR,USD,174.36000061035156,14.360000610351562,16.0,1.6399993896484375,0.009405823491096458,0.09176416577191786,174.36000061035156,160.0,0.011904761904761904,0.005,0.8281267187499999,0,0.10910894511799618,0.9970551281503282,0.8406311240772262
55,TQQQ201224C00161000,2020-12-18 20:48:52,161.0,12.59,12.9,15.8,-1.9799995,-13.589565,25.0,,0.6604037866210939,True,REGULAR,USD,174.36000061035156,13.360000610351562,14.350000000000001,0.9899993896484389,0.0056779042566123036,0.08230098617668884,174.36000061035156,161.0,0.011904761904761904,0.005,0.6604037866210939,0,0.10910894511799618,1.1431853775189942,0.8735191839619914
56,TQQQ201224C00161500,2020-12-18 19:33:26,161.5,12.5,12.45,15.55,-3.3500004,-21.135649,41.0,,0.6743196630859377,True,REGULAR,USD,174.36000061035156,12.860000610351562,14.0,1.1399993896484375,0.006538193310724025,0.08029364505042813,174.36000061035156,161.5,0.011904761904761904,0.005,0.6743196630859377,0,0.10910894511799618,1.078951395771422,0.8596953022992568
57,TQQQ201224C00162500,2020-12-18 20:40:19,162.5,11.38,11.6,14.55,-3.0199995,-20.97222,43.0,66.0,0.6528355029296876,True,REGULAR,USD,174.36000061035156,11.860000610351562,13.075,1.2149993896484368,0.006968337837779886,0.07498852921673912,174.36000061035156,162.5,0.011904761904761904,0.005,0.6528355029296876,0,0.10910894511799618,1.0254152063069955,0.8474163419191381
58,TQQQ201224C00163500,2020-12-18 16:25:56,163.5,11.6,11.15,13.85,0.6700001,6.129918,9.0,8.0,0.6926300268554688,True,REGULAR,USD,174.36000061035156,10.860000610351562,12.5,1.6399993896484375,0.009405823491096458,0.07169075450931083,174.36000061035156,163.5,0.011904761904761904,0.005,0.6926300268554688,0,0.10910894511799618,0.8895374057517648,0.8131428352955778
59,TQQQ201224C00164000,2020-12-18 19:35:11,164.0,12.1,10.75,13.4,-1.5499992,-11.355307,19.0,9.0,0.68555001953125,True,REGULAR,USD,174.36000061035156,10.360000610351562,12.075,1.7149993896484368,0.009835968018152319,0.06925326885599425,174.36000061035156,164.0,0.011904761904761904,0.005,0.68555001953125,0,0.10910894511799618,0.8571260550607415,0.8043123884783996
60,TQQQ201224C00165000,2020-12-18 20:51:25,165.0,10.15,10.6,12.35,-2.4800005,-19.635792,208.0,264.0,0.709963837890625,True,REGULAR,USD,174.36000061035156,9.360000610351562,11.475,2.114999389648437,0.012130072162450267,0.06581211263954734,174.36000061035156,165.0,0.011904761904761904,0.005,0.709963837890625,0,0.10910894511799618,0.751793315188334,0.773912318658178
61,TQQQ201224C00166000,2020-12-18 20:52:21,166.0,9.1,9.1,11.55,-2.75,-23.20675,116.0,69.0,0.6442906665039063,True,REGULAR,USD,174.36000061035156,8.360000610351562,10.325,1.9649993896484368,0.011269783108338536,0.05921656322469074,174.36000061035156,166.0,0.011904761904761904,0.005,0.6442906665039063,0,0.10910894511799618,0.7349405932586621,0.7688121625918352
62,TQQQ201224C00166500,2020-12-18 19:43:46,166.5,8.55,8.6,11.0,-3.3999996,-28.451881,21.0,11.0,0.619388571777344,True,REGULAR,USD,174.36000061035156,7.8600006103515625,9.8,1.9399993896484382,0.011126401599319923,0.05620555153529969,174.36000061035156,166.5,0.011904761904761904,0.005,0.619388571777344,0,0.10910894511799618,0.717214144273436,0.7633790134362433
63,TQQQ201224C00167500,2020-12-18 20:21:43,167.5,8.17,8.15,10.25,-2.38,-22.559242,51.0,56.0,0.6355016918945313,True,REGULAR,USD,174.36000061035156,6.8600006103515625,9.2,2.339999389648437,0.013420505743617861,0.05276439531885276,174.36000061035156,167.5,0.011904761904761904,0.005,0.6355016918945313,0,0.10910894511799618,0.6144059750548275,0.7305264558076345
64,TQQQ201224C00168500,2020-12-18 20:54:23,168.5,7.9,7.15,9.4,-2.48,-23.8921,37.0,22.0,0.6008340698242189,True,REGULAR,USD,174.36000061035156,5.8600006103515625,8.275,2.414999389648438,0.01385065027067373,0.04745927948516377,174.36000061035156,168.5,0.011904761904761904,0.005,0.6008340698242189,0,0.10910894511799618,0.5551668427183302,0.7106097269748934
65,TQQQ201224C00169000,2020-12-18 20:44:23,169.0,6.75,7.5,9.0,-2.6999998,-28.571426,56.0,29.0,0.6430699755859376,True,REGULAR,USD,174.36000061035156,5.3600006103515625,8.25,2.8899993896484375,0.01657489894202754,0.047315897976145146,174.36000061035156,169.0,0.011904761904761904,0.005,0.6430699755859376,0,0.10910894511799618,0.48093254577327554,0.6847177795989173
66,TQQQ201224C00170000,2020-12-18 20:54:28,170.0,7.45,7.1,8.25,-1.8800001,-20.150055,768.0,497.0,0.65039412109375,True,REGULAR,USD,174.36000061035156,4.3600006103515625,7.675,3.3149993896484373,0.019012384595344108,0.04401812326871685,174.36000061035156,170.0,0.011904761904761904,0.005,0.65039412109375,0,0.10910894511799618,0.3931743054978911,0.6529046270230683
67,TQQQ201224C00171000,2020-12-18 20:52:47,171.0,7.6,6.6,7.6,-0.41000032,-5.1186056,288.0,167.0,0.6535679174804689,True,REGULAR,USD,174.36000061035156,3.3600006103515625,7.1,3.739999389648437,0.021449870248660675,0.04072034856128855,174.36000061035156,171.0,0.011904761904761904,0.005,0.6535679174804689,0,0.10910894511799618,0.3093623753286918,0.621477056171444
68,TQQQ201224C00172500,2020-12-18 20:57:30,172.5,5.8,5.55,6.5,-1.5999999,-21.62162,308.0,89.0,0.6247596118164063,True,REGULAR,USD,174.36000061035156,1.8600006103515625,6.025,4.164999389648438,0.02388735590197725,0.03455494367348782,174.36000061035156,172.5,0.011904761904761904,0.005,0.6247596118164063,0,0.10910894511799618,0.1922896013866838,0.5762423183488102
69,TQQQ201224C00174000,2020-12-18 20:59:53,174.0,5.0,4.4,5.7,-0.9699998,-16.247902,768.0,,0.6005899316406251,True,REGULAR,USD,174.36000061035156,0.3600006103515625,5.050000000000001,4.689999389648438,0.026898367591368304,0.02896306482176158,174.36000061035156,174.0,0.011904761904761904,0.005,0.6005899316406251,0,0.10910894511799618,0.0652135789950314,0.5259980251653272
70,TQQQ201224C00175000,2020-12-18 20:59:40,175.0,4.55,4.1,4.9,-1.4499998,-24.166662,2539.0,148.0,0.5920450952148439,False,REGULAR,USD,174.36000061035156,0.0,4.5,4.5,0.0258086716233519,0.0258086716233519,174.36000061035156,175.0,0.011904761904761904,0.005,0.5920450952148439,0,0.10910894511799618,-0.02349793966759182,0.49062654096973
71,TQQQ201224C00176000,2020-12-18 20:59:26,176.0,4.28,3.35,4.7,-0.8699999,-16.893202,390.0,,0.5886271606445312,False,REGULAR,USD,174.36000061035156,0.0,4.025,4.025,0.02308442295199809,0.02308442295199809,174.36000061035156,176.0,0.011904761904761904,0.005,0.5886271606445312,0,0.10910894511799618,-0.11272877455049389,0.4551227939294681
72,TQQQ201224C00177500,2020-12-18 20:49:09,177.5,3.4,2.94,3.75,-1.19,-25.925926,175.0,50.0,0.5800823242187501,False,REGULAR,USD,174.36000061035156,0.0,3.3449999999999998,3.3449999999999998,0.019184445906691577,0.019184445906691577,174.36000061035156,177.5,0.011904761904761904,0.005,0.5800823242187501,0,0.10910894511799618,-0.24941481220159983,0.40151996432050985
73,TQQQ201224C00179000,2020-12-18 20:58:52,179.0,2.56,1.66,3.1,-1.3400002,-34.35898,287.0,,0.5236864038085938,False,REGULAR,USD,174.36000061035156,0.0,2.38,2.38,0.013649919658572781,0.013649919658572781,174.36000061035156,179.0,0.011904761904761904,0.005,0.5236864038085938,0,0.10910894511799618,-0.43003520013587615,0.33358501792419837
74,TQQQ201224C00180000,2020-12-18 20:58:58,180.0,2.15,2.0,2.54,-1.3,-37.681156,1456.0,1152.0,0.5507857421875001,False,REGULAR,USD,174.36000061035156,0.0,2.27,2.27,0.013019041018890846,0.013019041018890846,174.36000061035156,180.0,0.011904761904761904,0.005,0.5507857421875001,0,0.10910894511799618,-0.4986958606833737,0.30899683055933036
75,TQQQ201224C00182500,2020-12-18 20:57:57,182.5,1.49,1.15,1.67,-1.03,-40.873016,627.0,47.0,0.5188036401367188,False,REGULAR,USD,174.36000061035156,0.0,1.41,1.41,0.008086717108650261,0.008086717108650261,174.36000061035156,182.5,0.011904761904761904,0.005,0.5188036401367188,0,0.10910894511799618,-0.7767074246146006,0.2186657027190525
76,TQQQ201224C00185000,2020-12-18 20:59:21,185.0,0.85,0.72,0.98,-0.91999996,-51.9774,642.0,124.0,0.500005,False,REGULAR,USD,174.36000061035156,0.0,0.85,0.85,0.004874971306633136,0.004874971306633136,174.36000061035156,185.0,0.011904761904761904,0.005,0.500005,0,0.10910894511799618,-1.0573921043937438,0.1451663367367112
77,TQQQ201224C00187500,2020-12-18 20:48:07,187.5,0.58,0.27,1.16,-0.6100001,-51.260506,101.0,10.0,0.5419967675781252,False,REGULAR,USD,174.36000061035156,0.0,0.715,0.715,0.004100711157932579,0.004100711157932579,174.36000061035156,187.5,0.011904761904761904,0.005,0.5419967675781252,0,0.10910894511799618,-1.198048278968199,0.11544911115280992
78,TQQQ201224C00190000,2020-12-18 20:51:23,190.0,0.3,0.31,0.45,-0.53999996,-64.28571,430.0,82.0,0.51562984375,False,REGULAR,USD,174.36000061035156,0.0,0.38,0.38,0.002179398937083049,0.002179398937083049,174.36000061035156,190.0,0.011904761904761904,0.005,0.51562984375,0,0.10910894511799618,-1.4976909075361773,0.06710678763690772
79,TQQQ201224C00192500,2020-12-18 20:49:30,192.5,0.26,0.0,0.25,-0.32,-55.172413,71.0,5.0,0.523442265625,False,REGULAR,USD,174.36000061035156,0.0,0.125,0.125,0.0007169075450931083,0.0007169075450931083,174.36000061035156,192.5,0.011904761904761904,0.005,0.523442265625,0,0.10910894511799618,-1.7033757847820923,0.04424888318420337
80,TQQQ201224C00195000,2020-12-18 20:57:34,195.0,0.13,0.12,0.25,-0.28,-68.29269,78.0,101.0,0.543949873046875,False,REGULAR,USD,174.36000061035156,0.0,0.185,0.185,0.0010610231667378003,0.0010610231667378003,174.36000061035156,195.0,0.011904761904761904,0.005,0.543949873046875,0,0.10910894511799618,-1.8543737391006727,0.03184285458227783
81,TQQQ201224C00197500,2020-12-18 20:54:22,197.5,0.22,0.0,0.41,-0.060000002,-21.428572,15.0,5.0,0.6044961425781252,False,REGULAR,USD,174.36000061035156,0.0,0.205,0.205,0.0011757283739526976,0.0011757283739526976,174.36000061035156,197.5,0.011904761904761904,0.005,0.6044961425781252,0,0.10910894511799618,-1.8555090486448422,0.031761784140412544
82,TQQQ201224C00200000,2020-12-18 20:29:34,200.0,0.12,0.06,0.25,-0.1,-45.454548,80.0,42.0,0.6210975390625001,False,REGULAR,USD,174.36000061035156,0.0,0.155,0.155,0.0008889653559154543,0.0008889653559154543,174.36000061035156,200.0,0.011904761904761904,0.005,0.6210975390625001,0,0.10910894511799618,-1.9897430463261747,0.02330962409539966
83,TQQQ201224C00205000,2020-12-18 20:49:14,205.0,0.04,0.0,0.2,-0.08,-66.66667,61.0,15.0,0.6660189648437502,False,REGULAR,USD,174.36000061035156,0.0,0.1,0.1,0.0005735260360744867,0.0005735260360744867,174.36000061035156,205.0,0.011904761904761904,0.005,0.6660189648437502,0,0.10910894511799618,-2.19060091091734,0.014240342590648545
84,TQQQ201224C00210000,2020-12-18 19:58:32,210.0,0.08,0.0,0.5,-0.049999997,-38.461536,15.0,5.0,0.8652357226562499,False,REGULAR,USD,174.36000061035156,0.0,0.25,0.25,0.0014338150901862165,0.0014338150901862165,174.36000061035156,210.0,0.011904761904761904,0.005,0.8652357226562499,0,0.10910894511799618,-1.9222478765564903,0.02728728759071118
85,TQQQ201224C00215000,2020-12-18 19:12:26,215.0,0.08,0.01,0.26,0.02,33.333336,31.0,8.0,0.8632826171875,False,REGULAR,USD,174.36000061035156,0.0,0.135,0.135,0.000774260148700557,0.000774260148700557,174.36000061035156,215.0,0.011904761904761904,0.005,0.8632826171875,0,0.10910894511799618,-2.1766247101048113,0.014754289978555216
86,TQQQ201224C00220000,2020-12-18 19:11:50,220.0,0.03,0.0,0.01,0.0,0.0,27.0,7.0,0.6562534375000001,False,REGULAR,USD,174.36000061035156,0.0,0.005,0.005,2.867630180372433e-05,2.867630180372433e-05,174.36000061035156,220.0,0.011904761904761904,0.005,0.6562534375000001,0,0.10910894511799618,-3.210507968155386,0.000662502974750586
87,TQQQ201224C00225000,2020-12-17 18:37:01,225.0,0.04,0.0,0.35,0.0,0.0,,1.0,1.056645341796875,False,REGULAR,USD,174.36000061035156,0.0,0.175,0.175,0.0010036705631303515,0.0010036705631303515,174.36000061035156,225.0,0.011904761904761904,0.005,1.056645341796875,0,0.10910894511799618,-2.1534745751288775,0.015640700084736607
88,TQQQ201224C00230000,2020-12-07 17:28:21,230.0,0.15,0.0,1.76,0.0,0.0,2.0,5.0,1.5087915185546876,False,REGULAR,USD,174.36000061035156,0.0,0.88,0.88,0.005047029117455483,0.005047029117455483,174.36000061035156,230.0,0.011904761904761904,0.005,1.5087915185546876,0,0.10910894511799618,-1.5997029816090482,0.054832245056495296
89,TQQQ201224C00235000,2020-12-14 17:19:31,235.0,0.05,0.0,0.53,0.0,0.0,70.0,62.0,1.2832067089843748,False,REGULAR,USD,174.36000061035156,0.0,0.265,0.265,0.0015198439955973896,0.0015198439955973896,174.36000061035156,235.0,0.011904761904761904,0.005,1.2832067089843748,0,0.10910894511799618,-2.061309431103768,0.01963676451762728
90,TQQQ201224C00240000,2020-12-17 14:59:35,240.0,0.05,0.0,0.6,0.0,0.0,2.0,3.0,1.3828155859374998,False,REGULAR,USD,174.36000061035156,0.0,0.3,0.3,0.0017205781082234599,0.0017205781082234599,174.36000061035156,240.0,0.011904761904761904,0.005,1.3828155859374998,0,0.10910894511799618,-2.0418892763717253,0.020581257869900747
91,TQQQ201224C00250000,2020-12-17 22:39:19,250.0,0.12,0.01,0.3,0.0,0.0,,,1.3867218164062498,False,REGULAR,USD,174.36000061035156,0.0,0.155,0.155,0.0008889653559154543,0.0008889653559154543,174.36000061035156,250.0,0.011904761904761904,0.005,1.3867218164062498,0,0.10910894511799618,-2.305513509059772,0.010568915527140805
